record_id,product_key,supplier_key,shipping_key,location_key,availability,number_of_products_sold,revenue_generated,customer_demographics,stock_levels,lead_times,order_quantities,shipping_times,shipping_costs,production_volumes,manufacturing_lead_time,manufacturing_costs,inspection_results,defect_rates,costs,order_fill_rate,inventory_turnover,on_time_delivery_flag,warehouse_utilization_pct,profit,profit_margin_pct,total_shipping_cost,is_defective_batch,quality_pass_flag
1,1,1,1,1,55,802,8661.996792392383,Non-binary,58,7,96,4,2.956572139430807,215,29,46.27987924050832,Pending,0.2264103608499251,187.75207545920392,100.0,13.827586206896552,1,37.66233766233766,8474.244716933179,97.83246196045579,2371.1708558235073,0,0
2,2,1,2,1,95,736,7460.900065445849,Female,53,30,37,2,9.71657477143131,517,30,33.61676895373,Pending,4.854068026388706,503.0655791496692,100.0,13.88679245283019,1,58.88888888888889,6957.834486296179,93.25730709784534,7151.399031773444,1,0
3,3,2,3,1,34,8,9577.74962586873,Unknown,1,10,88,2,8.054479261732155,971,27,30.688019348284204,Pending,4.580592619199229,141.92028177151906,9.090909090909092,8.0,1,1.1235955056179776,9435.82934409721,98.51822936164248,64.43583409385724,1,0
4,4,3,4,2,68,83,7766.836425685233,Non-binary,23,13,59,6,1.7295685635434288,937,18,35.62474139712503,Fail,4.74664862064775,254.77615921928663,100.0,3.608695652173913,1,28.04878048780488,7512.060266465946,96.71969196651636,143.5541907741046,1,0
5,5,4,5,3,26,871,2686.505151567447,Non-binary,5,3,56,8,3.890547915870672,414,3,92.06516059871284,Fail,3.145579522833002,923.4406317119222,100.0,174.2,0,8.19672131147541,1763.0645198555246,65.62669417651632,3388.6672347233553,1,0
6,6,5,6,4,87,147,2828.348745975759,Non-binary,90,27,66,3,4.444098864382293,104,17,56.7664755574318,Fail,2.7791935115711617,235.4612367355375,100.0,1.6333333333333333,1,57.692307692307686,2592.8875092402213,91.67495744396594,653.2825330641971,1,0
7,7,6,7,2,48,65,7823.476559531737,Male,11,15,58,8,3.880763302952003,314,24,1.0850685695870688,Pending,1.0009106193041355,134.36909686103172,100.0,5.909090909090909,1,15.942028985507244,7689.107462670705,98.28248866295479,252.2496146918802,0,0
8,8,5,8,4,59,426,8496.103813089838,Female,93,17,11,1,2.3483387844177805,564,1,99.46610860359912,Fail,0.3981771868506506,802.0563118175586,100.0,4.580645161290323,1,89.42307692307693,7694.047501272279,90.55971620095036,1000.3923221619746,0,0
9,9,7,9,1,78,150,7517.363210631127,Female,5,10,15,7,3.4047338570830266,769,8,11.423027139565695,Pending,2.709862691109961,505.55713422546415,100.0,30.0,1,25.0,7011.806076405663,93.27480766779367,510.710078562454,1,0
10,10,8,10,5,35,980,4971.145987585558,Unknown,14,27,83,1,7.166645291048216,963,23,47.95760163495158,Pending,3.844614478767585,995.9294614986416,100.0,70.0,1,14.432989690721648,3975.2165260869165,79.9657973435949,7023.312385227251,1,0
11,11,3,11,2,11,996,2330.965802091949,Non-binary,51,13,80,2,8.673211211278613,830,5,96.52735278531092,Pass,1.7273139283559424,806.103177702923,100.0,19.529411764705884,1,38.93129770992366,1524.8626243890262,65.41763173962151,8638.518366433498,0,1
12,12,9,5,2,95,960,6099.944115581452,Female,46,23,60,1,4.523943124316663,362,11,27.592363086663696,Pending,0.0211698213729943,126.72303340940724,100.0,20.869565217391305,1,43.39622641509434,5973.221082172045,97.92255419052593,4342.9853993439965,0,0
13,13,10,2,2,41,336,2873.7414460214413,Unknown,100,30,85,4,1.325274010184522,563,3,32.32128621342403,Fail,2.161253747555912,402.9687890737706,100.0,3.36,1,54.054054054054056,2470.772656947671,85.97755585730714,445.2920674219994,1,0
14,14,11,2,4,5,249,4052.738416237866,Male,80,8,48,9,9.537283061108338,173,10,97.82905011017328,Pending,1.6310742300715386,547.2410051609685,100.0,3.1125,0,62.5,3505.4974110768976,86.49700649397033,2374.783482215976,0,0
15,15,12,12,2,26,562,8653.570926469802,Non-binary,54,29,78,5,2.039770189449332,558,14,5.791436629862989,Pending,0.1006828515650937,929.2352899608896,100.0,10.407407407407407,1,40.909090909090914,7724.335636508912,89.26182846530423,1146.3508464705246,0,0
16,16,13,13,4,94,469,5442.086785397673,Non-binary,9,8,69,7,2.4220397232752044,580,7,97.12128175147431,Pass,2.264405761198549,127.8618000016254,100.0,52.111111111111114,1,11.538461538461538,5314.2249853960475,97.65050053327508,1135.9366302160709,1,1
17,17,13,14,4,74,280,6453.797968176285,Female,2,5,78,1,4.191324585705502,399,21,77.10634249785001,Pass,1.012563089258049,865.5257797712403,100.0,140.0,1,2.5,5588.272188405045,86.58889255537355,1173.5708839975405,0,1
18,18,14,15,5,82,126,2629.396434845262,Female,45,17,85,9,3.585418958232342,453,16,47.679680368355335,Fail,0.1020207549181761,670.9343907924103,100.0,2.8,0,34.61538461538461,1958.4620440528515,74.48333077884111,451.7627887372751,0,0
19,19,9,7,2,23,620,9364.673505076173,Unknown,10,10,46,8,4.339224714110709,374,17,27.10798085484392,Pending,2.231939110729264,593.4802587206518,100.0,62.0,1,17.857142857142858,8771.19324635552,93.66256326609836,2690.3193227486395,1,0
20,20,15,16,5,100,187,2553.495584991215,Unknown,48,11,94,3,4.742635882841877,694,16,82.37332058799021,Fail,3.646450865417029,477.3076310909034,100.0,3.8958333333333335,1,33.80281690140845,2076.1879539003116,81.30767744826372,886.872910091431,1,0
21,21,14,17,5,22,320,8128.027696851192,Unknown,27,12,68,6,8.87833465092684,309,6,65.68625960848863,Pass,4.231416573534539,493.87121531620585,100.0,11.851851851851851,0,28.421052631578945,7634.156481534986,93.92384925672027,2841.0670882965887,1,1
22,22,16,3,5,60,601,7087.052696357437,Unknown,69,25,7,6,6.037883769218298,791,4,61.73572895416093,Pending,0.0186075676310149,523.360914720158,100.0,8.710144927536232,0,90.78947368421053,6563.691781637279,92.61525295290733,3628.768145300197,0,0
23,23,10,18,2,55,884,2390.8078665561734,Unknown,71,1,63,10,9.56764892092304,780,28,50.12083961297735,Fail,2.591275473211116,205.57199582694707,100.0,12.450704225352112,0,52.98507462686567,2185.2358707292265,91.40156770008197,8457.801646095966,1,0
24,24,3,19,2,30,391,8858.367571011484,Unknown,84,5,29,7,2.924857601145554,568,29,98.60995724270389,Pending,1.342291562722734,196.32944611241268,100.0,4.654761904761905,1,74.33628318584071,8662.03812489907,97.78368368055882,1143.6193220479117,0,0
25,25,17,20,4,32,209,9049.077860939897,Male,4,26,2,8,9.741291689284369,447,3,40.382359702924816,Pending,3.691310292628728,758.7247726029383,100.0,52.25,0,66.66666666666666,8290.353088336959,91.61544652104328,2035.929963060433,1,0
26,26,10,11,2,73,142,2174.777054350654,Male,82,11,52,3,2.231073681281728,934,23,78.28038311841539,Pending,3.797231217114183,458.535945739209,100.0,1.7317073170731707,1,61.19402985074627,1716.241108611445,78.91572633517053,316.8124627420053,1,0
27,27,17,21,4,9,353,3716.493325894037,Male,59,16,48,4,6.507548621078551,171,4,15.97222975718176,Pass,2.119319736724923,617.8669164583772,100.0,5.983050847457627,1,55.140186915887845,3098.6264094356598,83.37500266303469,2297.1646632407287,0,1
28,28,18,9,1,42,352,2686.457223575984,Unknown,47,9,62,8,7.406750952998074,291,4,10.528245070042162,Fail,2.864667837883373,762.4591821556837,100.0,7.48936170212766,1,43.11926605504588,1923.9980414203,71.6184134456173,2607.1763354553223,1,0
29,29,2,14,1,12,394,6117.324615083992,Female,48,15,24,4,9.898140508069222,171,7,59.42938181069157,Fail,0.815757079295672,123.43702751182708,100.0,8.208333333333334,1,66.66666666666666,5993.887587572165,97.98217300407013,3899.8673601792734,0,0
30,30,12,1,2,3,253,8318.903194617178,Female,45,5,67,7,8.100973145397031,329,7,39.29287558606575,Pass,3.878098936588488,764.9353759407081,100.0,5.622222222222222,0,40.17857142857143,7553.96781867647,90.8048530191376,2049.546205785449,1,1
31,31,10,8,2,10,327,2766.342366866089,Male,60,26,35,7,8.954528315318015,806,30,51.63489340010933,Pending,0.9653947053523932,880.080988247161,100.0,5.45,0,63.1578947368421,1886.261378618928,68.1861146766089,2928.130759108991,0,0
32,32,19,22,5,28,168,9655.135102719398,Male,6,17,44,4,2.6796609649814065,461,8,60.25114566159808,Pending,2.9890000066550746,609.3792066184267,100.0,28.0,1,12.0,9045.75589610097,93.68854811315076,450.18304211687627,1,0
33,33,6,23,2,43,781,9571.55048732782,Unknown,89,13,64,4,6.599104901238584,737,7,29.69246715374977,Pass,1.946036119386113,761.1739095148776,100.0,8.775280898876405,1,58.16993464052288,8810.376577812944,92.04753806060337,5153.900927867334,0,1
34,34,16,7,5,63,616,5149.9983504080365,Non-binary,4,17,95,9,4.85827050343664,251,23,23.853427512896133,Fail,3.541046012250923,371.255295519871,100.0,154.0,0,4.040404040404041,4778.743054888166,92.79115700123562,2992.69463011697,1,0
35,35,14,2,5,96,602,9061.710895507724,Unknown,1,26,21,7,1.019487570822119,452,10,10.754272815029331,Pass,0.6466045593720549,510.3580004335235,100.0,602.0,0,4.545454545454546,8551.3528950742,94.36797304263447,613.7315176349156,0,1
36,36,4,24,3,11,449,6541.329344802465,Female,42,27,85,8,5.288189990327409,367,2,58.004787044743765,Pass,0.5411540980605811,553.4204712303558,100.0,10.69047619047619,1,33.07086614173229,5987.908873572109,91.53963296970996,2374.3973056570067,0,1
37,37,20,3,3,34,963,7573.402457848733,Female,18,23,28,3,2.107951267159081,671,19,45.531364237162144,Fail,3.8055333792433537,403.8089742481805,100.0,53.5,1,39.130434782608695,7169.593483600553,94.66806397130406,2029.957070274195,1,0
38,38,6,25,2,5,963,2438.339930470029,Female,25,8,21,9,1.5326552735904306,867,15,34.34327746507538,Pending,2.610288084848113,183.9329680435944,100.0,38.52,0,54.347826086956516,2254.4069624264343,92.45663142594977,1475.9470284675847,1,0
39,39,18,12,1,75,705,9692.318040218432,Non-binary,69,1,88,5,9.235931437249228,841,12,5.930693645528318,Pending,0.6133268991645074,339.6728699486061,100.0,10.217391304347826,1,43.94904458598726,9352.645170269825,96.49544238499882,6511.331663260706,0,0
40,40,9,17,2,26,176,1912.4656631007608,Female,78,29,34,3,5.562503778830384,791,6,9.005807428781642,Fail,1.451972203996816,653.6729945520332,100.0,2.2564102564102564,1,69.64285714285714,1258.7926685487278,65.82040623452524,979.0006650741475,0,0
41,41,12,23,2,97,933,5724.959350456265,Female,90,20,39,8,7.229595139736474,793,1,88.17940710421746,Pending,4.213269430586566,529.8087239806919,100.0,10.366666666666667,0,69.76744186046511,5195.1506264755735,90.74563343513579,6745.21226537413,1,0
42,42,15,26,5,35,556,5521.205259010972,Female,64,19,38,8,5.773263743766654,892,7,95.3320645487725,Fail,0.0453022623982596,275.5243711313098,100.0,8.6875,1,62.745098039215684,5245.680887879663,95.00970606586966,3209.9346415342593,0,0
43,43,11,23,4,98,155,1839.609425856764,Female,22,27,57,4,7.526248326851508,179,7,96.42282063957188,Fail,4.939255288620948,635.6571205019919,100.0,7.045454545454546,1,27.848101265822784,1203.9523053547719,65.44608265387929,1166.5684906619838,1,0
44,44,18,14,1,6,598,5737.425599119023,Unknown,36,29,85,9,3.6940212683884543,206,23,26.27736595733241,Pending,0.3723047679850977,716.0441197593407,100.0,16.61111111111111,0,29.75206611570248,5021.381479359682,87.51976635881276,2209.024718496296,0,0
45,45,20,4,3,34,919,7152.2860494355145,Female,13,19,72,6,7.577449657376693,834,18,22.554106620887744,Fail,2.962626320454882,610.4532696192277,100.0,70.6923076923077,1,15.294117647058824,6541.832779816286,91.46492093017717,6963.676235129181,1,0
46,46,8,21,5,1,24,5267.956807510521,Male,93,7,52,6,5.21515500871191,794,25,66.31254443999165,Pass,3.219604612084106,495.305697028474,46.15384615384615,0.25806451612903225,1,64.13793103448275,4772.6511104820465,90.59776465284763,125.16372020908582,1,1
47,47,19,1,5,75,859,2556.767360633596,Non-binary,92,29,6,8,4.070955837084083,870,23,77.32235321105162,Pending,3.6486105925362033,380.4359371119643,100.0,9.33695652173913,0,93.87755102040816,2176.3314235216317,85.12043203579977,3496.951064055227,1,0
48,48,12,21,2,93,910,7089.474249934186,Male,4,15,51,9,8.97875075594997,964,20,19.712992911293647,Pending,0.3805735867132137,581.6023550505868,100.0,227.5,0,7.2727272727272725,6507.871894883599,91.79625548317654,8170.663187914473,0,0
49,49,21,27,1,28,29,7397.07100458718,Non-binary,30,16,9,3,7.0958331565551385,109,18,23.126363582464776,Fail,1.6981125407144038,768.65191395437,100.0,0.9666666666666667,1,76.92307692307693,6628.41909063281,89.6086989907532,205.779161540099,0,0
50,50,22,4,3,19,99,8001.613206519002,Unknown,97,24,9,6,2.5056210329009154,177,28,14.147815443979216,Pass,2.825813985400132,336.8901685199779,100.0,1.0206185567010309,1,91.50943396226415,7664.723037999024,95.7897218995101,248.05648225719062,1,1
51,51,20,10,3,91,633,5910.885389668899,Female,31,23,82,10,6.247860914975991,306,21,45.17875792463452,Fail,4.754800804671185,496.24865029194046,100.0,20.419354838709676,0,27.43362831858407,5414.636739376959,91.60449547610435,3954.8959591798025,1,0
52,52,11,28,4,61,154,9866.465457979695,Male,100,4,52,1,4.783000557947665,673,28,14.19032834456998,Pending,1.7729511720835571,694.9823175794459,100.0,1.54,1,65.78947368421053,9171.483140400249,92.95611665049346,736.5820859239404,0,0
53,53,2,3,1,1,820,9435.76260891213,Male,64,11,11,1,8.631052179768947,727,27,9.166849148597151,Pending,2.1224716191438247,602.8984988383834,100.0,12.8125,1,85.33333333333334,8832.864110073746,93.61049526331934,7077.462787410536,0,0
54,54,4,12,3,93,242,8232.334829425821,Male,96,25,54,3,1.0134865660958965,631,17,83.34405899167797,Pending,1.4103475760760271,750.7378406682709,100.0,2.5208333333333335,1,64.0,7481.59698875755,90.88062067173436,245.26374899520695,0,0
55,55,12,1,2,11,622,6088.021479940859,Non-binary,33,22,61,3,4.305103471287636,497,29,30.186023375822508,Pass,2.478771975539748,814.0699965821875,100.0,18.848484848484848,1,35.1063829787234,5273.951483358671,86.62833238574422,2677.77435914091,1,1
56,56,20,29,3,16,701,2925.6751703038126,Male,97,11,11,5,5.014364955030907,918,5,30.3235452566165,Fail,4.548919659396385,323.01292795247883,100.0,7.22680412371134,1,89.81481481481481,2602.6622423513336,88.95937145616422,3515.069833476666,1,0
57,57,2,30,1,90,93,4767.020484344137,Non-binary,25,23,83,5,1.7744297140717396,826,28,12.836284572832753,Pass,1.173755495387454,832.2108087060217,100.0,3.72,1,23.14814814814815,3934.8096756381156,82.54232782428414,165.02196340867178,0,1
58,58,20,21,3,65,227,1605.8669003924058,Unknown,5,18,51,1,9.16055853538187,588,25,67.77962298707814,Pending,2.511174830212707,482.1912386025281,100.0,45.4,1,8.928571428571429,1123.6756617898777,69.97315042207416,2079.4467875316845,1,0
59,59,23,2,3,81,896,2021.149810337108,Non-binary,10,5,44,7,4.93843856471209,396,7,65.04741509469146,Fail,1.7303747198591968,110.36433523136472,100.0,89.6,0,18.51851851851852,1910.7854751057432,94.53952722025306,4424.840953982033,0,0
60,60,12,14,2,30,484,1061.618523013288,Non-binary,100,16,26,7,7.293722596867728,176,4,1.900762243519458,Fail,0.4471940154638232,312.5742736100933,100.0,4.84,0,79.36507936507937,749.0442494031947,70.55681802509574,3530.1617368839807,0,0
61,61,7,4,1,16,380,8864.084349586436,Female,41,27,72,8,4.3813681581023145,929,24,87.21305781513568,Fail,2.853090616649054,430.1690969751365,100.0,9.268292682926829,0,36.283185840707965,8433.9152526113,95.14705546551792,1664.9199000788794,1,0
62,62,10,20,2,23,117,6885.589350896253,Unknown,32,23,36,7,9.030340422521949,480,12,78.7023939688789,Fail,4.367470538205053,164.36652824341942,100.0,3.65625,0,47.05882352941176,6721.222822652833,97.61289092527679,1056.549829435068,1,0
63,63,21,24,1,89,270,3899.746833729224,Unknown,86,2,40,7,7.291701388776776,751,14,21.048642725168644,Pass,1.8740014040443749,320.8465157591116,100.0,3.13953488372093,1,68.25396825396825,3578.900317970112,91.77263218770807,1968.7593749697294,0,1
64,64,24,25,4,55,246,4256.949140850225,Non-binary,54,19,10,4,2.45793352798733,736,10,20.075003975630484,Pending,3.6328432903821337,687.2861778664173,100.0,4.555555555555555,1,84.375,3569.662962983808,83.85495914735904,604.6516478848832,1,0
65,65,4,15,3,11,134,8458.730878367178,Female,73,27,75,6,4.585353468194652,328,6,8.693042425877287,Fail,0.1594863147175146,771.2250846811575,100.0,1.8356164383561644,0,49.32432432432432,7687.50579368602,90.88249649065523,614.4373647380834,0,0
66,66,3,31,2,72,457,8354.579686481995,Male,57,24,54,8,6.580541347884595,358,21,1.5972227430506774,Fail,4.911095954842331,555.8591036717435,100.0,8.017543859649123,0,51.35135135135135,7798.7205828102515,93.34665387690127,3007.30739598326,1,0
67,67,3,28,2,52,704,8367.721618020154,Female,13,17,19,8,2.2161427287713638,867,28,42.08443673830996,Fail,3.4480632883402618,393.8433485784279,100.0,54.15384615384615,0,40.625,7973.878269441726,95.29330244770244,1560.1644810550401,1,0
68,68,2,24,1,16,513,9473.798032508335,Unknown,12,9,71,9,9.147811544710631,198,11,7.057876146978231,Pass,0.1319554443118148,169.2718013847869,100.0,42.75,0,14.457831325301203,9304.52623112355,98.21326356331485,4692.827322436554,0,1
69,69,17,21,4,29,163,3550.218432780992,Non-binary,0,8,58,8,1.1942518648849991,375,18,97.1135815634622,Fail,1.98346787217418,299.7063031181032,100.0,,0,0.0,3250.5121296628886,91.55808836012001,194.66305397625484,0,0
70,70,10,14,2,62,511,1752.3810874841247,Non-binary,95,1,27,3,9.705286790120349,862,7,77.62776581274817,Pending,1.3623879886491086,207.6632062085756,100.0,5.378947368421053,1,77.8688524590164,1544.7178812755492,88.14965490715747,4959.401549751498,0,0
71,71,13,8,4,90,32,7014.887987203389,Female,10,12,22,4,6.315717754600723,775,16,11.440781823761265,Pass,1.8305755986122316,183.272898748711,100.0,3.2,1,31.25,6831.615088454678,97.38737241303014,202.10296814722312,0,1
72,72,17,28,4,14,637,8180.337085425443,Female,76,2,26,6,9.228190317052515,258,10,30.66167747785956,Pending,2.078750607874969,405.1670678888559,100.0,8.381578947368421,0,74.50980392156863,7775.170017536587,95.04706146387629,5878.357231962453,0,0
73,73,13,10,4,88,478,2633.121981312256,Non-binary,57,29,77,9,6.599614159689544,152,11,55.76049289524421,Pending,3.213329607438309,677.9445698461833,100.0,8.385964912280702,0,42.53731343283582,1955.177411466073,74.25320305486495,3154.615568331602,1,0
74,74,15,6,5,41,375,7910.886916140686,Male,17,25,66,5,1.5129368369160772,444,4,46.87023879761716,Fail,4.620546064513706,866.4728001296578,100.0,22.058823529411764,0,20.481927710843372,7044.4141160110275,89.0470839829377,567.3513138435289,1,0
75,75,25,19,3,64,904,5709.945295969287,Female,41,6,1,5,5.237654650037448,919,9,80.58085215644782,Fail,0.3966127241099354,341.55265678322337,100.0,22.048780487804876,1,97.61904761904762,5368.392639186064,94.01828495582384,4734.839803633853,0,0
76,76,14,15,5,29,106,1889.073589779335,Non-binary,16,20,56,10,2.473897761045461,759,11,48.06478264000659,Pass,2.030069088668752,873.1296480176514,100.0,6.625,0,22.22222222222222,1015.9439417616835,53.78000874388156,262.23316267081884,0,1
77,77,17,19,4,23,241,5328.375984297758,Male,38,1,22,10,7.054538336836926,985,24,64.32359779560022,Pending,2.1800374515822165,997.4134501331946,100.0,6.342105263157895,0,63.33333333333333,4330.962534164563,81.28109853598016,1700.1437391776992,1,0
78,78,12,1,2,14,359,2483.7601775427947,Unknown,96,28,57,4,6.780946625617895,334,5,42.95244474899184,Pass,3.055141818307548,852.56809891985,100.0,3.7395833333333335,1,62.745098039215684,1631.1920786229448,65.67429872543883,2434.3598385968244,1,1
79,79,18,32,1,50,946,1292.4584179377562,Unknown,5,4,51,5,8.46704977086199,858,21,71.12651472040338,Pending,4.096881332470452,323.59220343132216,100.0,189.2,1,8.928571428571429,968.8662145064341,74.96304724854164,8009.829083235443,1,0
80,80,24,3,4,56,198,7888.723268427081,Non-binary,31,25,20,1,6.4963253642950445,228,12,57.87090292403628,Pending,0.1658716274806082,351.50421933503867,100.0,6.387096774193548,1,60.78431372549019,7537.219049092042,95.54421916735424,1286.2724221304188,0,0
81,81,19,9,5,75,872,8651.672682982065,Unknown,39,14,41,2,2.8331846794189746,202,5,76.96122802382001,Fail,2.8496621985053308,787.7798504943445,100.0,22.358974358974358,1,48.75,7863.892832487721,90.89447926013294,2470.537040453346,1,0
82,82,23,33,3,9,774,4384.413400045863,Unknown,48,6,8,5,4.066277501512044,698,1,19.789592941903603,Pending,2.547547121548712,276.77833594679885,100.0,16.125,1,85.71428571428571,4107.635064099065,93.68722082767324,3147.298786170322,1,0
83,83,21,16,1,13,336,2943.3818676094515,Unknown,42,19,72,1,4.70818187354193,955,26,4.46527843494324,Pending,4.137877048622357,589.9785556280407,100.0,8.0,1,36.84210526315789,2353.4033119814108,79.95575898185416,1581.9491095100884,1,0
84,84,13,6,4,82,663,2411.754632110491,Unknown,65,24,7,8,4.949839577996949,443,5,97.73059380053304,Fail,0.7730061340672478,682.9710182260933,100.0,10.2,0,90.27777777777779,1728.7836138843977,71.68157120409735,3281.743640211977,0,0
85,85,16,17,5,99,618,2048.2900998487103,Unknown,73,26,80,10,8.381615624922631,589,22,33.808636513209095,Pass,4.843456577118041,465.457005963688,100.0,8.465753424657533,0,47.712418300653596,1582.8330938850222,77.27582601712191,5179.838456202186,1,1
86,86,16,11,5,83,25,8684.613059253858,Female,15,18,66,2,8.249168704871728,211,2,69.9293455186723,Fail,1.3744289997457582,842.6868300046415,37.878787878787875,1.6666666666666667,1,18.51851851851852,7841.926229249216,90.29678323887188,206.2292176217932,0,0
87,87,2,21,1,18,223,1229.5910285649834,Unknown,32,14,22,6,1.4543053101535517,569,18,74.60896999519468,Pass,2.0515129307662465,264.2548898358665,100.0,6.96875,1,59.25925925925925,965.3361387291169,78.50871682560421,324.310084164242,0,1
88,88,19,29,5,24,79,5133.846701086692,Male,5,7,55,10,6.575803797548535,523,17,28.69699682414317,Fail,3.693737787839276,879.3592177349243,100.0,15.8,0,8.333333333333332,4254.487483351767,82.87133860953058,519.4885000063343,1,0
89,89,21,25,1,58,737,9444.74203306298,Male,60,18,85,7,3.8012531329310777,953,11,68.18491905704117,Pending,0.722204401882931,103.91624796070496,100.0,12.283333333333333,1,41.37931034482759,9340.825785102274,98.89974498406701,2801.5235589702042,0,0
90,90,12,33,2,10,134,5924.682566853231,Unknown,90,1,27,8,9.92981624527726,370,11,46.60387338164447,Pending,1.9076657339590744,517.4999739290605,100.0,1.488888888888889,0,76.92307692307693,5407.18259292417,91.26535526435943,1330.595376867153,0,0
91,91,24,33,4,56,320,9592.633570280312,Non-binary,66,18,96,7,7.674430708112694,585,8,85.67596333579797,Pass,1.2193822244013883,990.0784725058112,100.0,4.848484848484849,1,40.74074074074074,8602.5550977745,89.67876271670325,2455.817826596062,0,1
92,92,25,33,3,90,916,1935.206793507599,Male,98,22,85,7,7.471514084401146,207,28,39.772882502339975,Pending,0.6260018582093946,996.7783149506238,100.0,9.346938775510203,1,53.551912568306015,938.4284785569753,48.492413405394046,6843.9069013114495,0,0
93,93,21,33,1,44,276,2100.1297546259366,Male,90,25,10,8,4.469500026123601,671,29,62.61269039561434,Pass,0.3334318252247392,230.0927825367629,100.0,3.066666666666667,0,90.0,1870.0369720891736,89.04387778755385,1233.582007210114,0,1
94,94,15,20,5,88,114,4531.4021336919095,Unknown,63,17,66,1,7.0064320590043945,824,20,35.63365234334388,Fail,4.165781795424145,823.5238458881558,100.0,1.8095238095238095,1,48.837209302325576,3707.8782878037537,81.82629081261436,798.733254726501,1,0
95,95,20,33,3,97,987,7888.356546661873,Unknown,77,26,72,9,6.942945942032581,908,14,60.38737861486212,Pass,1.4636074984727798,846.6652569866948,100.0,12.818181818181818,0,51.67785234899329,7041.691289675178,89.2668992333393,6852.687644786157,0,1
96,96,7,14,1,65,672,7386.363944048664,Unknown,15,14,26,9,8.630338869602754,450,26,58.89068576858998,Pending,1.2108821295850665,778.8642413766479,100.0,44.8,0,36.58536585365854,6607.499702672016,89.45537686368414,5799.587720373051,0,0
97,97,1,23,1,29,324,7698.424765632117,Non-binary,67,2,32,3,5.352878043996809,648,28,17.80375633139127,Pending,3.872047681482133,188.74214114905695,100.0,4.835820895522388,1,67.67676767676768,7509.68262448306,97.54830180335523,1734.3324862549662,1,0
98,98,7,28,1,56,62,4370.916579984536,Male,46,19,4,9,7.904845611209675,535,13,65.76515592636746,Fail,3.376237834717981,540.1324228679678,100.0,1.3478260869565217,0,92.0,3830.784157116568,87.64258221396028,490.1004278949998,1,0
99,99,16,21,5,43,913,8525.952559683526,Female,53,1,27,7,1.409801095138073,581,9,5.604690864371781,Pending,2.908122169351261,882.1988635470415,100.0,17.22641509433962,1,66.25,7643.753696136485,89.65278240323931,1287.1483998610606,1,0
100,100,8,33,5,17,627,9185.185829181704,Unknown,55,8,59,6,1.3110237561206226,921,2,38.07289852062604,Fail,0.3460272907055034,210.74300896424612,100.0,11.4,1,48.24561403508772,8974.442820217459,97.70562062778625,822.0118950876304,0,0
